Route,Factory,State/Province,Region,Shipments,Total_Sales,Total_Profit,Avg_Order_Value,Avg_Fulfillment_Days,Avg_Transit_Days,Avg_Total_Lead_Time,Avg_Distance_Miles,On_Time_Shipments,Profit_Margin_Pct,On_Time_Rate_Pct,Transit_Speed_Miles_Per_Day,Speed_Score,Efficiency Score,Is_Reliable
Lot's O' Nuts -> Alabama,Lot's O' Nuts,Alabama,Gulf,34,475.61,326.91,13.988529411764706,2.8823529411764706,3.7058823529411766,6.588235294117647,1446.5,17,68.73488782826266,50.0,219.55803571428572,36.71262192294392,51.91,True
Lot's O' Nuts -> Alberta,Lot's O' Nuts,Alberta,Pacific,16,204.32,141.42000000000002,12.77,2.625,3.4375,6.0625,1473.6,11,69.21495693030542,68.75,243.0680412371134,40.91638061293016,59.17,True
Lot's O' Nuts -> Arizona,Lot's O' Nuts,Arizona,Pacific,111,1468.05,1013.15,13.225675675675676,2.7117117117117115,1.6216216216216217,4.333333333333333,61.70000000000001,110,69.01331698511632,99.09909909909909,14.238461538461541,0.0,53.88,True
Lot's O' Nuts -> Arkansas,Lot's O' Nuts,Arkansas,Gulf,31,434.69,299.69,14.022258064516128,2.6774193548387095,2.806451612903226,5.483870967741935,1119.5,30,68.94338494099243,96.7741935483871,204.14411764705883,33.956502110087,65.05,True
Lot's O' Nuts -> British Columbia,Lot's O' Nuts,British Columbia,Pacific,18,253.4,173.8,14.077777777777778,3.3333333333333335,5.0,8.333333333333334,1638.3,0,68.5872138910813,0.0,196.59599999999998,32.60684419014084,35.42,True
Lot's O' Nuts -> California,Lot's O' Nuts,California,Pacific,1125,15044.9,10401.0,13.373244444444444,2.592888888888889,1.8248888888888888,4.417777777777777,502.8,1107,69.1330617019721,98.4,113.8128772635815,17.8046242906382,59.95,True
Lot's O' Nuts -> Colorado,Lot's O' Nuts,Colorado,Pacific,103,1447.66,999.0600000000001,14.05495145631068,2.5728155339805827,1.825242718446602,4.398058252427185,558.7,103,69.01206084301562,100.0,127.03333333333333,20.16853726525822,61.21,True
Lot's O' Nuts -> Connecticut,Lot's O' Nuts,Connecticut,Atlantic,47,523.59,362.29,11.140212765957447,2.276595744680851,4.829787234042553,7.1063829787234045,2208.3,5,69.19345289253042,10.638297872340425,310.7488023952096,53.01818924870331,45.97,True
Lot's O' Nuts -> Delaware,Lot's O' Nuts,Delaware,Atlantic,43,631.59,436.19,14.688139534883721,2.7674418604651163,5.209302325581396,7.976744186046512,2058.2,2,69.0622080780253,4.651162790697675,258.0250728862974,43.59080583629327,40.82,True
Lot's O' Nuts -> District of Columbia,Lot's O' Nuts,District of Columbia,Atlantic,8,126.0,85.3,15.75,3.0,5.25,8.25,1976.1,0,67.6984126984127,0.0,239.5272727272727,40.2832656450064,37.79,True
Lot's O' Nuts -> Florida,Lot's O' Nuts,Florida,Gulf,209,2640.13,1820.73,12.6322009569378,2.5789473684210527,4.287081339712919,6.866028708133971,1822.1,15,68.96364951725862,7.177033492822966,265.3790243902439,44.905745448299555,42.01,True
Lot's O' Nuts -> Georgia,Lot's O' Nuts,Georgia,Gulf,110,1474.09,1027.79,13.400818181818181,2.6636363636363636,4.372727272727273,7.036363636363636,1625.6,8,69.7236939399901,7.2727272727272725,231.0284237726098,38.76361010458748,40.15,True
Lot's O' Nuts -> Idaho,Lot's O' Nuts,Idaho,Pacific,14,146.5,100.9,10.464285714285714,2.642857142857143,2.7142857142857144,5.357142857142857,798.2,14,68.87372013651878,100.0,148.99733333333336,24.09585900821597,62.54,True
Lot's O' Nuts -> Illinois,Lot's O' Nuts,Illinois,Interior,267,3539.21,2452.51,13.255468164794008,2.704119850187266,3.561797752808989,6.265917602996255,1359.8,142,69.29540773223404,53.18352059925093,217.01530185295874,36.25796275429776,52.9,True
Lot's O' Nuts -> Indiana,Lot's O' Nuts,Indiana,Interior,90,1253.78,869.58,13.930888888888889,2.911111111111111,3.5555555555555554,6.466666666666667,1492.6,41,69.35666544369826,45.55555555555556,230.81443298969072,38.725347007949765,51.5,True
Lot's O' Nuts -> Iowa,Lot's O' Nuts,Iowa,Interior,16,227.87,157.47,14.241875,2.875,3.625,6.5,1193.6,11,69.10519155658929,68.75,183.6307692307692,30.288567341549292,55.41,True
Lot's O' Nuts -> Kansas,Lot's O' Nuts,Kansas,Interior,15,188.93,130.83,12.595333333333334,2.466666666666667,2.6,5.066666666666666,928.2,15,69.24786958132643,100.0,183.19736842105266,30.211072148350638,64.81,True
Lot's O' Nuts -> Kentucky,Lot's O' Nuts,Kentucky,Gulf,77,1039.13,715.73,13.495194805194807,2.6493506493506493,4.324675324675325,6.974025974025974,1558.1,2,68.87781124594612,2.5974025974025974,223.4147113594041,37.402223366970915,37.98,True
Lot's O' Nuts -> Louisiana,Lot's O' Nuts,Louisiana,Gulf,24,283.71000000000004,197.31,11.821250000000001,2.375,3.1666666666666665,5.541666666666667,1170.0,16,69.54636776990588,66.66666666666666,211.12781954887217,35.20523842065552,56.66,True
Lot's O' Nuts -> Maine,Lot's O' Nuts,Maine,Atlantic,6,71.23,49.03,11.871666666666668,3.1666666666666665,7.166666666666667,10.333333333333334,2393.1,0,68.83335673171416,0.0,231.59032258064514,38.8640816674239,37.69,True
Lot's O' Nuts -> Manitoba,Lot's O' Nuts,Manitoba,Interior,2,18.0,12.0,9.0,1.0,3.5,4.5,1577.0,0,66.66666666666666,0.0,350.44444444444446,60.11605658255087,44.37,False
Lot's O' Nuts -> Maryland,Lot's O' Nuts,Maryland,Atlantic,60,812.74,567.54,13.545666666666667,2.6666666666666665,5.15,7.816666666666666,1988.4,3,69.83045008243718,5.0,254.37953091684437,42.938956617503536,40.97,True
Lot's O' Nuts -> Massachusetts,Lot's O' Nuts,Massachusetts,Atlantic,76,1003.24,690.54,13.200526315789475,2.5526315789473686,5.184210526315789,7.7368421052631575,2273.5,4,68.83098760017543,5.263157894736842,293.8537414965987,49.99723040624702,43.17,True
Lot's O' Nuts -> Michigan,Lot's O' Nuts,Michigan,Interior,147,2103.76,1450.86,14.311292517006803,2.6802721088435373,4.340136054421769,7.020408163265306,1637.0,9,68.96509107502756,6.122448979591836,233.17732558139537,39.14784925943744,39.68,True
Lot's O' Nuts -> Minnesota,Lot's O' Nuts,Minnesota,Interior,43,561.21,388.81,13.051395348837211,3.1627906976744184,3.86046511627907,7.023255813953488,1297.0,24,69.28066142798596,55.81395348837209,184.67218543046357,30.47478007531947,51.66,True
Lot's O' Nuts -> Mississippi,Lot's O' Nuts,Mississippi,Gulf,30,448.43,312.33,14.947666666666667,2.8333333333333335,3.433333333333333,6.266666666666667,1280.4,17,69.64966661463328,56.666666666666664,204.31914893617022,33.987798968010196,53.27,True
Lot's O' Nuts -> Missouri,Lot's O' Nuts,Missouri,Interior,36,514.08,359.08,14.280000000000001,2.5833333333333335,3.3333333333333335,5.916666666666667,1156.5,21,69.84905073140366,58.333333333333336,195.46478873239437,32.40457545005951,53.29,True
Lot's O' Nuts -> Montana,Lot's O' Nuts,Montana,Pacific,8,92.61,64.01,11.57625,3.5,3.0,6.5,972.5,8,69.11780585249974,100.0,149.6153846153846,24.206371038732396,62.66,True
Lot's O' Nuts -> Nebraska,Lot's O' Nuts,Nebraska,Interior,23,295.28000000000003,205.38,12.838260869565218,2.5652173913043477,2.608695652173913,5.173913043478261,935.8,23,69.55432132213491,100.0,180.8689075630252,29.79472653938336,64.77,True
Lot's O' Nuts -> Nevada,Lot's O' Nuts,Nevada,Pacific,24,389.21000000000004,268.11,16.217083333333335,2.875,1.625,4.5,478.3999999999999,24,68.88569152899463,100.0,106.31111111111109,16.463254352503913,59.87,True
Lot's O' Nuts -> New Brunswick,Lot's O' Nuts,New Brunswick,Atlantic,4,97.72,69.72,24.43,4.0,7.25,11.25,2545.4,0,71.34670487106017,0.0,226.2577777777778,37.91058416471049,38.24,False
Lot's O' Nuts -> New Hampshire,Lot's O' Nuts,New Hampshire,Atlantic,13,178.02,123.02,13.693846153846154,2.5384615384615383,5.3076923076923075,7.846153846153846,2277.7,0,69.10459498932704,0.0,290.2950980392157,49.360919268675794,41.46,True
Lot's O' Nuts -> New Jersey,Lot's O' Nuts,New Jersey,Atlantic,65,825.88,567.98,12.705846153846153,2.8615384615384616,5.6461538461538465,8.507692307692308,2112.3,0,68.77270305613406,0.0,248.28119349005428,41.8485298659043,38.72,True
Lot's O' Nuts -> New Mexico,Lot's O' Nuts,New Mexico,Pacific,18,260.71,179.41,14.483888888888888,3.111111111111111,1.8333333333333333,4.944444444444445,344.3,18,68.81592574124507,100.0,69.63370786516855,9.905069903267924,57.55,True
Lot's O' Nuts -> New York,Lot's O' Nuts,New York,Atlantic,645,8757.81,6055.01,13.578,2.663565891472868,5.296124031007752,7.95968992248062,2098.7,31,69.13840332229177,4.8062015503875966,263.66604986365405,44.59945323816438,41.25,True
Lot's O' Nuts -> Newfoundland and Labrador,Lot's O' Nuts,Newfoundland and Labrador,Atlantic,6,162.0,112.5,27.0,4.0,8.0,12.0,2980.5,0,69.44444444444444,0.0,248.375,41.86530314700705,38.96,True
Lot's O' Nuts -> North Carolina,Lot's O' Nuts,North Carolina,Gulf,143,2045.6100000000001,1417.01,14.304965034965036,2.7552447552447554,4.370629370629371,7.125874125874126,1827.1,9,69.27077986517467,6.293706293706294,256.40363101079487,43.30088032488355,41.29,True
Lot's O' Nuts -> North Dakota,Lot's O' Nuts,North Dakota,Interior,5,57.160000000000004,39.66,11.432,3.0,3.4,6.4,1190.2,2,69.38418474457661,40.0,185.96875,30.7066151793574,47.03,True
Lot's O' Nuts -> Ohio,Lot's O' Nuts,Ohio,Atlantic,262,3472.7400000000002,2400.24,13.254732824427482,2.33206106870229,4.0038167938931295,6.33587786259542,1680.8,27,69.1166053318129,10.305343511450381,265.28289156626505,44.88855620545563,42.99,True
Lot's O' Nuts -> Oklahoma,Lot's O' Nuts,Oklahoma,Interior,41,569.4,395.0,13.88780487804878,2.7560975609756095,2.6097560975609757,5.365853658536586,866.9000000000001,39,69.371268001405,95.1219512195122,161.55863636363637,26.341910661411656,62.04,True
Lot's O' Nuts -> Ontario,Lot's O' Nuts,Ontario,Atlantic,28,348.32,239.22,12.44,2.892857142857143,4.5,7.392857142857143,1839.0,0,68.67822691777677,0.0,248.75362318840578,41.93300370611349,38.71,True
Lot's O' Nuts -> Oregon,Lot's O' Nuts,Oregon,Pacific,77,1085.9,751.6,14.102597402597404,2.961038961038961,2.7662337662337664,5.7272727272727275,978.4000000000001,70,69.21447647112994,90.9090909090909,170.83174603174604,28.000009606248604,61.3,True
Lot's O' Nuts -> Pennsylvania,Lot's O' Nuts,Pennsylvania,Atlantic,331,4338.55,2993.65,13.107401812688822,2.7583081570996977,5.262839879154079,8.021148036253777,1972.2999999999997,7,69.0011639833585,2.1148036253776437,245.887495291902,41.42051934961937,39.28,True
Lot's O' Nuts -> Prince Edward Island,Lot's O' Nuts,Prince Edward Island,Atlantic,6,78.1,54.9,13.016666666666666,3.3333333333333335,8.0,11.333333333333334,2689.5,0,70.29449423815622,0.0,237.30882352941174,39.886590914975145,38.56,True
Lot's O' Nuts -> Quebec,Lot's O' Nuts,Quebec,Atlantic,24,242.93,165.83,10.122083333333334,2.6666666666666665,5.666666666666667,8.333333333333334,2336.2,4,68.26246243773927,16.666666666666664,280.34399999999994,47.58159110915493,45.55,True
Lot's O' Nuts -> Rhode Island,Lot's O' Nuts,Rhode Island,Atlantic,30,353.76,242.86,11.792,2.2333333333333334,5.0,7.233333333333333,2272.7,0,68.65106286748079,0.0,314.1981566820276,53.63495869369442,42.8,True
Lot's O' Nuts -> South Carolina,Lot's O' Nuts,South Carolina,Gulf,21,281.32,194.92000000000002,13.396190476190476,2.3333333333333335,4.0,6.333333333333333,1773.2000000000003,2,69.28764396416892,9.523809523809524,279.97894736842113,47.51631706356562,43.74,True
Lot's O' Nuts -> South Dakota,Lot's O' Nuts,South Dakota,Interior,9,117.59,82.09,13.065555555555555,3.111111111111111,3.3333333333333335,6.444444444444445,1029.9,7,69.81035802364147,77.77777777777779,159.81206896551726,26.029611803363288,56.88,True
Lot's O' Nuts -> Tennessee,Lot's O' Nuts,Tennessee,Gulf,109,1361.56,941.76,12.49137614678899,2.761467889908257,3.743119266055046,6.504587155963303,1440.7000000000003,63,69.16771938071037,57.798165137614674,221.48984485190414,37.058043341147034,54.52,True
Lot's O' Nuts -> Texas,Lot's O' Nuts,Texas,Interior,569,7642.34,5278.34,13.431177504393673,2.750439367311072,2.6520210896309315,5.402460456942004,841.5,523,69.06706584632457,91.91564147627417,155.76236174365647,25.30549492005301,60.61,True
Lot's O' Nuts -> Utah,Lot's O' Nuts,Utah,Pacific,29,393.91,270.11,13.583103448275862,2.7241379310344827,2.0344827586206895,4.758620689655173,502.2,28,68.57150110431317,96.55172413793103,105.53478260869565,16.324441212492346,58.68,True
Lot's O' Nuts -> Vermont,Lot's O' Nuts,Vermont,Atlantic,5,103.19,72.39,20.637999999999998,3.8,6.0,9.8,2225.0,0,70.15214652582615,0.0,227.0408163265306,38.05059710944237,37.87,True
Lot's O' Nuts -> Virginia,Lot's O' Nuts,Virginia,Gulf,109,1538.84,1059.24,14.117798165137614,2.63302752293578,4.91743119266055,7.5504587155963305,1913.2999999999997,2,68.8336669179382,1.834862385321101,253.40182260024298,42.764135313093625,39.61,True
Lot's O' Nuts -> Washington,Lot's O' Nuts,Washington,Pacific,269,3492.91,2415.91,12.984795539033456,2.646840148698885,2.7695167286245352,5.41635687732342,1124.9,240,69.16611077869169,89.21933085501858,207.68572409059715,34.58976690660436,63.08,True
Lot's O' Nuts -> West Virginia,Lot's O' Nuts,West Virginia,Atlantic,2,38.72,27.42,19.36,2.0,3.0,5.0,1763.4,1,70.81611570247934,50.0,352.68,60.51579005281691,60.97,False
Lot's O' Nuts -> Wisconsin,Lot's O' Nuts,Wisconsin,Interior,58,768.25,531.95,13.245689655172415,2.7586206896551726,3.5689655172413794,6.327586206896552,1424.8,32,69.24178327367395,55.172413793103445,225.17275204359672,37.71657373138696,53.99,True
Lot's O' Nuts -> Wyoming,Lot's O' Nuts,Wyoming,Pacific,1,13.96,9.96,13.96,4.0,3.0,7.0,724.2,1,71.34670487106017,100.0,103.45714285714287,15.952944227867208,60.55,False
Secret Factory -> Alabama,Secret Factory,Alabama,Gulf,3,150.0,75.2,50.0,2.0,1.6666666666666667,3.6666666666666665,631.9,3,50.13333333333333,100.0,172.33636363636364,28.269046094750323,57.44,False
Secret Factory -> Alberta,Secret Factory,Alberta,Pacific,2,180.0,90.0,90.0,3.5,4.0,7.5,1472.2,1,50.0,50.0,196.29333333333335,32.55272520539907,43.89,False
Secret Factory -> Arizona,Secret Factory,Arizona,Pacific,5,640.0,320.0,128.0,3.2,3.2,6.4,1256.4,0,50.0,0.0,196.3125,32.55615234375001,28.89,True
Secret Factory -> Arkansas,Secret Factory,Arkansas,Gulf,2,63.75,31.95,31.875,2.5,1.5,4.0,458.1,2,50.117647058823536,100.0,114.525,17.931956976232396,53.82,False
Secret Factory -> California,Secret Factory,California,Pacific,31,1238.75,620.55,39.95967741935484,2.4193548387096775,4.129032258064516,6.548387096774194,1602.7,2,50.09485368314833,6.451612903225806,244.74729064039408,41.216642527579275,33.89,True
Secret Factory -> Colorado,Secret Factory,Colorado,Pacific,7,171.25,103.85,24.464285714285715,1.8571428571428572,2.142857142857143,4.0,793.8,6,60.64233576642335,85.71428571428571,198.45,32.93835277288733,58.47,True
Secret Factory -> Connecticut,Secret Factory,Connecticut,Atlantic,1,2.5,1.3,2.5,1.0,2.0,3.0,919.8,1,52.0,100.0,306.59999999999997,52.276353433098585,66.5,False
Secret Factory -> Delaware,Secret Factory,Delaware,Atlantic,1,60.0,30.0,60.0,3.0,3.0,6.0,805.0,1,50.0,100.0,134.16666666666666,21.444028755868548,55.01,False
Secret Factory -> Florida,Secret Factory,Florida,Gulf,7,78.75,52.15,11.25,3.142857142857143,3.0,6.142857142857143,1070.2,4,66.22222222222221,57.14285714285714,174.2186046511628,28.605604374795284,50.33,True
Secret Factory -> Georgia,Secret Factory,Georgia,Gulf,7,317.5,159.1,45.357142857142854,2.7142857142857144,2.142857142857143,4.857142857142857,693.9,6,50.11023622047244,85.71428571428571,142.86176470588236,22.998775049192215,51.3,True
Secret Factory -> Illinois,Secret Factory,Illinois,Interior,13,546.25,273.65,42.01923076923077,2.230769230769231,1.5384615384615385,3.769230769230769,112.0,13,50.096109839816926,100.0,29.714285714285715,2.7671890719315897,48.5,True
Secret Factory -> Indiana,Secret Factory,Indiana,Interior,4,21.25,11.05,5.3125,3.0,1.75,4.75,251.3,4,52.0,100.0,52.90526315789474,6.913903238510008,50.62,False
Secret Factory -> Kentucky,Secret Factory,Kentucky,Gulf,2,46.25,23.25,23.125,2.0,1.0,3.0,408.2,2,50.27027027027027,100.0,136.06666666666666,21.78376247065728,55.22,False
Secret Factory -> Louisiana,Secret Factory,Louisiana,Gulf,2,11.25,5.85,5.625,3.0,2.0,5.0,713.7,2,52.0,100.0,142.74,22.977002640845072,56.24,False
Secret Factory -> Maryland,Secret Factory,Maryland,Atlantic,3,8.75,4.55,2.9166666666666665,2.6666666666666665,2.0,4.666666666666667,743.2999999999998,3,52.0,100.0,159.27857142857138,25.934218592806836,57.28,False
Secret Factory -> Massachusetts,Secret Factory,Massachusetts,Atlantic,2,100.0,50.0,50.0,2.0,2.5,4.5,979.3,2,50.0,100.0,217.6222222222222,36.36648449726135,60.23,False
Secret Factory -> Michigan,Secret Factory,Michigan,Interior,5,82.5,41.7,16.5,2.6,1.8,4.4,333.9,5,50.54545454545455,100.0,75.88636363636363,11.023089888764403,51.55,True
Secret Factory -> Minnesota,Secret Factory,Minnesota,Interior,1,5.0,2.6,5.0,3.0,1.0,4.0,337.6,1,52.0,100.0,84.4,12.54538952464789,52.59,False
Secret Factory -> Mississippi,Secret Factory,Mississippi,Gulf,1,80.0,40.0,80.0,3.0,2.0,5.0,603.4,1,50.0,100.0,120.67999999999999,19.03251540492958,54.16,False
Secret Factory -> Nebraska,Secret Factory,Nebraska,Interior,1,2.5,1.3,2.5,2.0,1.0,3.0,400.4,1,52.0,100.0,133.46666666666667,21.318863703051647,55.66,False
Secret Factory -> Nevada,Secret Factory,Nevada,Pacific,2,202.5,101.3,101.25,3.0,3.5,6.5,1415.5,0,50.02469135802469,0.0,217.76923076923077,36.39277068661973,30.25,False
Secret Factory -> New Hampshire,Secret Factory,New Hampshire,Atlantic,1,6.25,3.25,6.25,4.0,3.0,7.0,976.4,1,52.0,100.0,139.4857142857143,22.395112864688134,56.04,False
Secret Factory -> New Jersey,Secret Factory,New Jersey,Atlantic,2,6.25,3.25,3.125,3.0,3.0,6.0,840.8,2,52.0,100.0,140.13333333333333,22.510911825117372,56.08,False
Secret Factory -> New Mexico,Secret Factory,New Mexico,Pacific,2,12.5,6.5,6.25,1.5,2.0,3.5,964.7,2,52.0,100.0,275.62857142857143,46.738438443158955,64.56,False
Secret Factory -> New York,Secret Factory,New York,Atlantic,24,1026.25,514.45,42.760416666666664,2.625,2.5,5.125,804.7999999999998,21,50.12911084043849,87.5,157.03414634146338,25.532899186276193,52.73,True
Secret Factory -> North Carolina,Secret Factory,North Carolina,Gulf,4,20.0,10.4,5.0,2.5,1.75,4.25,706.0,4,52.0,100.0,166.11764705882354,27.157094682062972,57.7,False
Secret Factory -> Ohio,Secret Factory,Ohio,Atlantic,13,768.75,384.95,59.13461538461539,2.8461538461538463,1.8461538461538463,4.6923076923076925,413.6,11,50.074796747967476,84.61538461538461,88.14426229508197,13.214890650253984,47.54,True
Secret Factory -> Oregon,Secret Factory,Oregon,Pacific,2,180.0,90.0,90.0,2.0,3.5,5.5,1596.3,0,50.0,0.0,290.23636363636365,49.35041713348272,34.77,False
Secret Factory -> Pennsylvania,Secret Factory,Pennsylvania,Atlantic,19,762.5,382.9,40.13157894736842,2.789473684210526,1.9473684210526316,4.7368421052631575,698.1,17,50.21639344262295,89.47368421052632,147.3766666666667,23.80607210974179,52.75,True
Secret Factory -> Quebec,Secret Factory,Quebec,Atlantic,2,100.0,50.0,50.0,3.0,3.0,6.0,1121.1,2,50.0,100.0,186.85,30.864189040492963,58.3,False
Secret Factory -> Rhode Island,Secret Factory,Rhode Island,Atlantic,3,142.5,71.3,47.5,2.3333333333333335,2.3333333333333335,4.666666666666667,983.2000000000002,3,50.03508771929825,100.0,210.6857142857143,35.126186808350106,59.81,False
Secret Factory -> South Carolina,Secret Factory,South Carolina,Gulf,1,6.25,3.25,6.25,4.0,3.0,7.0,742.0,1,52.0,100.0,106.0,16.407625440140848,53.94,False
Secret Factory -> Tennessee,Secret Factory,Tennessee,Gulf,3,62.5,31.7,20.833333333333332,4.0,2.0,6.0,445.7,3,50.72,100.0,74.28333333333333,10.736456499413146,51.51,False
Secret Factory -> Texas,Secret Factory,Texas,Interior,16,517.5,268.7,32.34375,2.375,2.4375,4.8125,816.4,15,51.92270531400966,93.75,169.64155844155843,27.787195473980248,56.02,True
Secret Factory -> Utah,Secret Factory,Utah,Pacific,1,100.0,50.0,100.0,4.0,3.0,7.0,1114.7,1,50.0,100.0,159.24285714285716,25.92783262072435,56.57,False
Secret Factory -> Vermont,Secret Factory,Vermont,Atlantic,1,7.5,3.9,7.5,4.0,3.0,7.0,921.7,1,52.0,100.0,131.67142857142858,20.997862173038236,55.55,False
Secret Factory -> Virginia,Secret Factory,Virginia,Gulf,5,93.75,47.15,18.75,2.0,2.0,4.0,706.2,4,50.29333333333334,80.0,176.55,29.02247469190141,51.76,True
Secret Factory -> Washington,Secret Factory,Washington,Pacific,11,351.25,175.85,31.931818181818183,2.272727272727273,4.2727272727272725,6.545454545454546,1569.0,0,50.064056939501775,0.0,239.70833333333331,40.3156405883216,31.63,True
Secret Factory -> Wisconsin,Secret Factory,Wisconsin,Interior,5,415.0,207.8,83.0,3.2,1.6,4.8,200.8,4,50.0722891566265,80.0,41.833333333333336,4.934162265258216,43.25,True
Sugar Shack -> Arizona,Sugar Shack,Arizona,Pacific,1,11.25,6.75,11.25,3.0,4.0,7.0,1268.8,1,60.0,100.0,181.25714285714284,29.864145812374243,61.45,False
Sugar Shack -> California,Sugar Shack,California,Pacific,1,6.0,2.8,6.0,2.0,3.0,5.0,1452.9,1,46.666666666666664,100.0,290.58000000000004,49.411861795774655,63.63,False
Sugar Shack -> Connecticut,Sugar Shack,Connecticut,Atlantic,1,3.98,2.48,3.98,3.0,4.0,7.0,1226.6,1,62.311557788944725,100.0,175.22857142857143,28.786193724849095,61.88,False
Sugar Shack -> Delaware,Sugar Shack,Delaware,Atlantic,1,4.5,2.1,4.5,3.0,4.0,7.0,1192.6,1,46.666666666666664,100.0,170.37142857142857,27.91770152162978,56.1,False
Sugar Shack -> Florida,Sugar Shack,Florida,Gulf,3,36.89,22.64,12.296666666666667,3.6666666666666665,5.0,8.666666666666666,1606.7,0,61.37164543236649,0.0,185.38846153846157,30.602855413732406,32.19,False
Sugar Shack -> Illinois,Sugar Shack,Illinois,Interior,2,12.0,6.3,6.0,1.5,1.5,3.0,643.6,2,52.5,100.0,214.53333333333333,35.814168867370896,60.91,False
Sugar Shack -> Michigan,Sugar Shack,Michigan,Interior,3,17.740000000000002,10.09,5.913333333333334,2.3333333333333335,2.0,4.333333333333333,651.0,3,56.8771138669673,100.0,150.23076923076925,24.316406250000007,58.42,False
Sugar Shack -> New Jersey,Sugar Shack,New Jersey,Atlantic,1,5.97,3.72,5.97,3.0,5.0,8.0,1195.5,0,62.311557788944725,0.0,149.4375,24.174563985475356,30.27,False
Sugar Shack -> New York,Sugar Shack,New York,Atlantic,9,56.97,29.12,6.33,2.5555555555555554,2.888888888888889,5.444444444444445,1109.0,9,51.11462173073548,100.0,203.6938775510204,33.8759959309428,59.75,True
Sugar Shack -> Ohio,Sugar Shack,Ohio,Atlantic,2,18.46,9.86,9.23,2.0,2.0,4.0,850.0,2,53.412784398699884,100.0,212.5,35.45059419014085,61.1,False
Sugar Shack -> Pennsylvania,Sugar Shack,Pennsylvania,Atlantic,3,24.23,14.43,8.076666666666666,3.3333333333333335,3.0,6.333333333333333,1067.8,3,59.554271564176645,100.0,168.6,27.60095730633803,60.5,False
Sugar Shack -> Rhode Island,Sugar Shack,Rhode Island,Atlantic,1,4.5,2.1,4.5,3.0,4.0,7.0,1279.9,1,46.666666666666664,100.0,182.84285714285716,30.147682972837025,56.89,False
Sugar Shack -> Tennessee,Sugar Shack,Tennessee,Gulf,1,1.5,0.6,1.5,2.0,2.0,4.0,982.4,1,40.0,100.0,245.6,41.369113116197184,58.48,False
Sugar Shack -> Texas,Sugar Shack,Texas,Interior,3,15.0,7.0,5.0,2.6666666666666665,4.0,6.666666666666667,1181.3,2,46.666666666666664,66.66666666666666,177.195,29.13780534771127,46.53,False
Sugar Shack -> Washington,Sugar Shack,Washington,Pacific,1,1.99,1.24,1.99,3.0,4.0,7.0,1171.3,1,62.311557788944725,100.0,167.32857142857142,27.373616700201207,61.39,False
The Other Factory -> Alabama,The Other Factory,Alabama,Gulf,2,35.75,2.75,17.875,3.5,2.0,5.5,242.3,2,7.6923076923076925,100.0,44.054545454545455,5.331331025928296,34.56,False
The Other Factory -> Arizona,The Other Factory,Arizona,Pacific,2,38.75,18.75,19.375,1.5,2.5,4.0,1224.5,2,48.38709677419355,100.0,306.125,52.191420004401415,65.2,False
The Other Factory -> California,The Other Factory,California,Pacific,21,233.75,33.75,11.130952380952381,2.3333333333333335,4.238095238095238,6.571428571428571,1663.7000000000003,1,14.43850267379679,4.761904761904762,253.17173913043484,42.72299472787815,21.44,True
The Other Factory -> Colorado,The Other Factory,Colorado,Pacific,2,19.5,1.5,9.75,2.5,2.5,5.0,887.0,2,7.6923076923076925,100.0,177.4,29.17446082746479,42.9,False
The Other Factory -> Connecticut,The Other Factory,Connecticut,Atlantic,2,9.75,0.75,4.875,2.5,3.0,5.5,1032.1,2,7.6923076923076925,100.0,187.65454545454543,31.00804757522407,43.55,False
The Other Factory -> Delaware,The Other Factory,Delaware,Atlantic,2,26.0,2.0,13.0,3.0,2.5,5.5,845.9,2,7.6923076923076925,100.0,153.79999999999998,24.954610475352112,41.43,False
The Other Factory -> Florida,The Other Factory,Florida,Gulf,3,39.0,3.0,13.0,1.6666666666666667,2.0,3.6666666666666665,704.0,3,7.6923076923076925,100.0,192.0,31.785046214788736,43.82,False
The Other Factory -> Georgia,The Other Factory,Georgia,Gulf,2,39.0,3.0,19.5,4.0,2.5,6.5,389.4,2,7.6923076923076925,100.0,59.9076923076923,8.165988116197182,35.55,False
The Other Factory -> Indiana,The Other Factory,Indiana,Interior,1,19.5,1.5,19.5,4.0,2.0,6.0,385.1,1,7.6923076923076925,100.0,64.18333333333334,8.930503594483568,35.82,False
The Other Factory -> Kentucky,The Other Factory,Kentucky,Gulf,2,26.0,2.0,13.0,0.5,1.0,1.5,343.4,2,7.6923076923076925,100.0,228.9333333333333,38.388992811032864,46.13,False
The Other Factory -> Louisiana,The Other Factory,Louisiana,Gulf,1,9.75,0.75,9.75,2.0,1.0,3.0,294.0,1,7.6923076923076925,100.0,98.0,14.977167693661976,37.93,False
The Other Factory -> Maryland,The Other Factory,Maryland,Atlantic,1,3.25,0.25,3.25,3.0,3.0,6.0,774.4,1,7.6923076923076925,100.0,129.06666666666666,20.532111942488264,39.88,False
The Other Factory -> Massachusetts,The Other Factory,Massachusetts,Atlantic,3,32.5,2.5,10.833333333333334,2.0,3.0,5.0,1106.3,2,7.6923076923076925,66.66666666666666,221.26,37.016945422535215,35.65,False
The Other Factory -> Missouri,The Other Factory,Missouri,Interior,1,6.5,0.5,6.5,3.0,2.0,5.0,263.9,1,7.6923076923076925,100.0,52.779999999999994,6.89150528169014,35.1,False
The Other Factory -> Nevada,The Other Factory,Nevada,Pacific,1,16.25,1.25,16.25,1.0,3.0,4.0,1510.8,0,7.6923076923076925,0.0,377.7,64.98954665492958,25.44,False
The Other Factory -> New Hampshire,The Other Factory,New Hampshire,Atlantic,2,35.75,2.75,17.875,2.5,3.0,5.5,1136.8,1,7.6923076923076925,50.0,206.6909090909091,34.411886803777215,29.74,False
The Other Factory -> New Jersey,The Other Factory,New Jersey,Atlantic,3,68.25,5.25,22.75,4.0,3.3333333333333335,7.333333333333333,915.7000000000002,2,7.6923076923076925,66.66666666666666,124.86818181818184,19.781392545614604,29.62,False
The Other Factory -> New York,The Other Factory,New York,Atlantic,14,181.75,29.75,12.982142857142858,2.7857142857142856,2.7857142857142856,5.571428571428571,943.7,13,16.368638239339752,92.85714285714286,169.3820512820513,27.74079372065728,43.3,True
The Other Factory -> North Carolina,The Other Factory,North Carolina,Gulf,1,9.0,7.0,9.0,0.0,1.0,1.0,573.5,1,77.77777777777779,100.0,573.5,100.0,92.22,False
The Other Factory -> Ohio,The Other Factory,Ohio,Atlantic,3,29.25,2.25,9.75,2.0,2.0,4.0,536.0,3,7.6923076923076925,100.0,134.0,21.414227552816904,40.19,False
The Other Factory -> Oregon,The Other Factory,Oregon,Pacific,2,26.0,2.0,13.0,1.5,4.0,5.5,1809.6,0,7.6923076923076925,0.0,329.0181818181818,56.284886163572345,22.39,False
The Other Factory -> Pennsylvania,The Other Factory,Pennsylvania,Atlantic,7,97.5,7.5,13.928571428571429,2.2857142857142856,2.5714285714285716,4.857142857142857,791.1,5,7.6923076923076925,71.42857142857143,162.87352941176474,26.57702302972246,33.42,True
The Other Factory -> Rhode Island,The Other Factory,Rhode Island,Atlantic,1,22.75,1.75,22.75,4.0,3.0,7.0,1094.7,1,7.6923076923076925,100.0,156.3857142857143,25.41695485412475,41.59,False
The Other Factory -> South Carolina,The Other Factory,South Carolina,Gulf,1,6.5,0.5,6.5,2.0,2.0,4.0,521.2,1,7.6923076923076925,100.0,130.3,20.752640845070427,39.96,False
The Other Factory -> Tennessee,The Other Factory,Tennessee,Gulf,3,42.25,3.25,14.083333333333334,3.0,1.6666666666666667,4.666666666666667,189.6,3,7.6923076923076925,100.0,40.628571428571426,4.7187421403420515,34.34,False
The Other Factory -> Texas,The Other Factory,Texas,Interior,9,100.75,7.75,11.194444444444445,2.4444444444444446,1.7777777777777777,4.222222222222222,521.3,9,7.6923076923076925,100.0,123.4657894736842,19.530634671515937,39.53,True
The Other Factory -> Virginia,The Other Factory,Virginia,Gulf,4,55.25,4.25,13.8125,2.25,1.75,4.0,680.5,3,7.6923076923076925,75.0,170.125,27.873638314260567,34.95,False
The Other Factory -> Washington,The Other Factory,Washington,Pacific,4,52.0,4.0,13.0,3.5,5.0,8.5,1826.7,0,7.6923076923076925,0.0,214.90588235294118,35.880783321251045,15.25,False
Wicked Choccy's -> Alabama,Wicked Choccy's,Alabama,Gulf,22,333.75,217.25,15.170454545454545,2.5454545454545454,1.4545454545454546,4.0,336.3,22,65.09363295880149,100.0,84.075,12.487277178697186,57.15,True
Wicked Choccy's -> Alberta,Wicked Choccy's,Alberta,Pacific,8,146.0,94.88,18.25,3.0,6.25,9.25,2303.4,0,64.98630136986301,0.0,249.01621621621624,41.97995723496384,37.44,True
Wicked Choccy's -> Arizona,Wicked Choccy's,Arizona,Pacific,105,1429.5,931.46,13.614285714285714,2.6095238095238096,4.276190476190476,6.885714285714286,1757.6,6,65.15984610003498,5.714285714285714,255.25311203319498,43.09515922688621,39.6,True
Wicked Choccy's -> Arkansas,Wicked Choccy's,Arkansas,Gulf,27,393.5,256.38,14.574074074074074,2.814814814814815,2.1481481481481484,4.962962962962963,679.6,25,65.15374841168996,92.5925925925926,136.93432835820897,21.938906644155985,58.26,True
Wicked Choccy's -> British Columbia,Wicked Choccy's,British Columbia,Pacific,4,37.5,24.5,9.375,3.5,8.25,11.75,2721.6,0,65.33333333333333,0.0,231.6255319148936,38.87037735053941,36.47,False
Wicked Choccy's -> California,Wicked Choccy's,California,Pacific,823,11394.0,7421.32,13.844471445929527,2.730255164034022,5.32685297691373,8.057108140947753,2211.3,43,65.13357907670704,5.224787363304982,274.45331020962146,46.52829325381106,40.65,True
Wicked Choccy's -> Colorado,Wicked Choccy's,Colorado,Pacific,70,906.5,590.22,12.95,2.6,3.585714285714286,6.185714285714286,1439.1,30,65.10976282404854,42.857142857142854,232.64896073903,39.05337381172137,49.31,True
Wicked Choccy's -> Connecticut,Wicked Choccy's,Connecticut,Atlantic,31,440.75,287.01,14.21774193548387,2.4516129032258065,2.3548387096774195,4.806451612903226,802.3,28,65.11854792966534,90.32258064516128,166.9214765100671,27.300825190235372,59.44,True
Wicked Choccy's -> Delaware,Wicked Choccy's,Delaware,Atlantic,49,601.5,391.42,12.275510204081632,2.836734693877551,1.9387755102040816,4.775510204081633,590.0,49,65.0739817123857,100.0,123.54700854700853,19.54515722809077,59.62,True
Wicked Choccy's -> District of Columbia,Wicked Choccy's,District of Columbia,Atlantic,2,16.25,10.55,8.125,3.0,2.5,5.5,523.6,2,64.92307692307693,100.0,95.2,14.476507482394368,57.79,False
Wicked Choccy's -> Florida,Wicked Choccy's,Florida,Gulf,161,2009.25,1308.59,12.479813664596273,2.652173913043478,1.7018633540372672,4.354037267080745,299.9,160,65.12828169715067,99.37888198757764,68.87860199714693,9.770051523477527,56.03,True
Wicked Choccy's -> Georgia,Wicked Choccy's,Georgia,Gulf,65,862.25,561.43,13.265384615384615,2.646153846153846,1.6615384615384616,4.3076923076923075,163.0,65,65.11220643664831,100.0,37.839285714285715,4.219997720699195,54.27,True
Wicked Choccy's -> Idaho,Wicked Choccy's,Idaho,Pacific,7,78.75,51.25,11.25,2.2857142857142856,5.142857142857143,7.428571428571429,1981.3,0,65.07936507936508,0.0,266.7134615384615,45.14435244278169,38.58,True
Wicked Choccy's -> Illinois,Wicked Choccy's,Illinois,Interior,210,2801.5,1825.22,13.34047619047619,2.776190476190476,2.0142857142857142,4.79047619047619,720.8,197,65.15152596823131,93.80952380952381,150.4652087475149,24.358325727851206,59.47,True
Wicked Choccy's -> Indiana,Wicked Choccy's,Indiana,Interior,54,708.25,461.31,13.11574074074074,3.0,1.9259259259259258,4.925925925925926,609.7,53,65.1337804447582,98.14814814814815,123.77368421052633,19.585688472942923,59.1,True
Wicked Choccy's -> Iowa,Wicked Choccy's,Iowa,Interior,14,172.5,112.5,12.321428571428571,2.7142857142857144,2.5,5.214285714285714,956.3,13,65.21739130434783,92.85714285714286,183.39999999999998,30.247304137323944,61.27,True
Wicked Choccy's -> Kansas,Wicked Choccy's,Kansas,Interior,9,74.25,48.39,8.25,2.4444444444444446,2.5555555555555554,5.0,986.2000000000002,9,65.17171717171718,100.0,197.24000000000004,32.72199603873241,64.26,True
Wicked Choccy's -> Kentucky,Wicked Choccy's,Kentucky,Gulf,58,769.25,501.39,13.262931034482758,2.793103448275862,1.6206896551724137,4.413793103448276,436.4,58,65.17907052323692,100.0,98.871875,15.133065237125884,58.11,True
Wicked Choccy's -> Louisiana,Wicked Choccy's,Louisiana,Gulf,15,220.5,143.54,14.7,2.2666666666666666,1.7333333333333334,4.0,637.0,14,65.09750566893425,93.33333333333333,159.25,25.929109815140848,59.86,True
Wicked Choccy's -> Maine,Wicked Choccy's,Maine,Atlantic,2,55.25,36.07,27.625,4.5,3.0,7.5,1075.5,1,65.28506787330318,50.0,143.4,23.09501540492958,45.93,False
Wicked Choccy's -> Manitoba,Wicked Choccy's,Manitoba,Interior,10,120.25,78.27,12.025,2.9,4.7,7.6,1735.4,0,65.08939708939708,0.0,228.34210526315792,38.28327696441809,36.18,True
Wicked Choccy's -> Maryland,Wicked Choccy's,Maryland,Atlantic,41,652.25,425.23,15.908536585365853,2.707317073170732,1.8780487804878048,4.585365853658536,539.4,39,65.19432732847835,95.1219512195122,117.63510638297873,18.48806644722056,57.83,True
Wicked Choccy's -> Massachusetts,Wicked Choccy's,Massachusetts,Atlantic,54,671.25,436.95,12.430555555555555,2.8518518518518516,2.759259259259259,5.611111111111111,875.8,52,65.09497206703911,96.29629629629629,156.0831683168317,25.362857451017994,60.55,True
Wicked Choccy's -> Michigan,Wicked Choccy's,Michigan,Interior,100,1127.0,733.56,11.27,2.84,2.72,5.56,799.7,94,65.08961845607809,94.0,143.8309352517986,23.172069738575345,59.09,True
Wicked Choccy's -> Minnesota,Wicked Choccy's,Minnesota,Interior,45,595.25,387.87,13.227777777777778,2.688888888888889,3.3333333333333335,6.022222222222222,1163.1,29,65.16085678286434,64.44444444444444,193.13468634686345,31.987936324125567,53.34,True
Wicked Choccy's -> Mississippi,Wicked Choccy's,Mississippi,Gulf,22,315.75,205.61,14.352272727272727,3.0,2.0,5.0,503.1,20,65.11797307996834,90.9090909090909,100.62,15.445642605633806,55.47,True
Wicked Choccy's -> Missouri,Wicked Choccy's,Missouri,Interior,29,362.25,235.82999999999998,12.491379310344827,2.586206896551724,2.3793103448275863,4.9655172413793105,769.5,27,65.10144927536231,93.10344827586206,154.96875,25.163591411751764,59.52,True
Wicked Choccy's -> Montana,Wicked Choccy's,Montana,Pacific,7,109.5,71.46,15.642857142857142,3.0,4.285714285714286,7.285714285714286,1854.6,0,65.26027397260273,0.0,254.55294117647057,42.96996362365369,37.88,True
Wicked Choccy's -> Nebraska,Wicked Choccy's,Nebraska,Interior,14,185.75,121.21,13.267857142857142,2.4285714285714284,2.7857142857142856,5.214285714285714,1136.5,12,65.25437415881561,85.71428571428571,217.95890410958904,36.426685648996724,61.3,True
Wicked Choccy's -> Nevada,Wicked Choccy's,Nevada,Pacific,12,151.5,98.82,12.625,2.75,5.583333333333333,8.333333333333334,2062.5,0,65.22772277227722,0.0,247.49999999999997,41.70884683098591,37.43,True
Wicked Choccy's -> New Brunswick,Wicked Choccy's,New Brunswick,Atlantic,4,75.0,49.0,18.75,4.0,4.0,8.0,1265.8,0,65.33333333333333,0.0,158.225,25.745832416373243,31.88,False
Wicked Choccy's -> New Hampshire,Wicked Choccy's,New Hampshire,Atlantic,11,208.25,135.51,18.931818181818183,3.3636363636363638,2.727272727272727,6.090909090909091,941.2,9,65.07082833133254,81.81818181818183,154.52537313432836,25.084312427738077,56.1,True
Wicked Choccy's -> New Jersey,Wicked Choccy's,New Jersey,Atlantic,59,672.0,437.56,11.389830508474576,2.8135593220338984,2.135593220338983,4.9491525423728815,675.5,57,65.11309523809524,96.61016949152543,136.48801369863014,21.859102361385784,59.42,True
Wicked Choccy's -> New Mexico,Wicked Choccy's,New Mexico,Pacific,17,229.5,149.26,13.5,3.0,3.7058823529411766,6.705882352941177,1459.0,11,65.03703703703704,64.70588235294117,217.5701754385965,36.35717815665926,54.9,True
Wicked Choccy's -> New York,Wicked Choccy's,New York,Atlantic,436,5518.25,3594.11,12.656536697247706,2.6513761467889907,2.628440366972477,5.279816513761468,774.3,400,65.13133692746796,91.74311926605505,146.65282363162464,23.676643750152955,58.61,True
Wicked Choccy's -> North Carolina,Wicked Choccy's,North Carolina,Gulf,101,1376.25,896.75,13.626237623762377,2.6633663366336635,1.6435643564356435,4.306930693069307,256.3,101,65.1589464123524,100.0,59.50873563218391,8.094651782823377,55.64,True
Wicked Choccy's -> North Dakota,Wicked Choccy's,North Dakota,Interior,2,52.5,34.3,26.25,2.5,3.5,6.0,1450.1,0,65.33333333333333,0.0,241.6833333333333,40.66878484448357,37.1,False
Wicked Choccy's -> Nova Scotia,Wicked Choccy's,Nova Scotia,Atlantic,6,87.5,56.900000000000006,14.583333333333334,3.5,3.6666666666666665,7.166666666666667,1276.0,2,65.02857142857144,33.33333333333333,178.04651162790697,29.290061773255815,43.01,True
Wicked Choccy's -> Ohio,Wicked Choccy's,Ohio,Atlantic,189,2479.75,1615.73,13.12037037037037,2.439153439153439,1.835978835978836,4.275132275132275,581.9,183,65.15697146889808,96.82539682539682,136.11274752475245,21.792002060708928,59.48,True
Wicked Choccy's -> Oklahoma,Wicked Choccy's,Oklahoma,Interior,25,308.25,200.91,12.33,2.72,2.76,5.48,939.5,22,65.17761557177616,88.0,171.44160583941604,28.10905694201707,59.05,True
Wicked Choccy's -> Ontario,Wicked Choccy's,Ontario,Atlantic,30,466.25,303.35,15.541666666666666,3.6333333333333333,3.933333333333333,7.566666666666666,1342.4,11,65.06166219839142,36.666666666666664,177.40969162995597,29.17619376085811,43.98,True
Wicked Choccy's -> Oregon,Wicked Choccy's,Oregon,Pacific,43,628.25,409.51,14.61046511627907,2.9302325581395348,6.27906976744186,9.209302325581396,2353.9,0,65.18265021886191,0.0,255.60025252525253,43.15723045263374,37.92,True
Wicked Choccy's -> Pennsylvania,Wicked Choccy's,Pennsylvania,Atlantic,227,2804.25,1826.99,12.353524229074889,2.6519823788546257,1.8634361233480177,4.515418502202643,626.5,222,65.15075332085227,97.79735682819384,138.7468292682927,22.262994890072143,59.93,True
Wicked Choccy's -> Prince Edward Island,Wicked Choccy's,Prince Edward Island,Atlantic,4,52.0,33.76,13.0,3.5,4.0,7.5,1367.7,2,64.92307692307692,50.0,182.36,30.061344630281695,48.24,False
Wicked Choccy's -> Quebec,Wicked Choccy's,Quebec,Atlantic,24,254.75,165.53,10.614583333333334,3.2083333333333335,4.0,7.208333333333333,1489.9000000000003,13,64.97742885181552,54.166666666666664,206.69132947976883,34.411961972339824,51.04,True
Wicked Choccy's -> Rhode Island,Wicked Choccy's,Rhode Island,Atlantic,21,282.25,183.83,13.44047619047619,2.3333333333333335,2.380952380952381,4.714285714285714,847.7,18,65.1302037201063,85.71428571428571,179.8151515151515,29.606307351685874,58.87,True
Wicked Choccy's -> Saskatchewan,Wicked Choccy's,Saskatchewan,Pacific,2,29.25,18.99,14.625,3.5,6.0,9.5,1915.5,0,64.92307692307692,0.0,201.6315789473684,33.50724205429948,34.45,False
Wicked Choccy's -> South Carolina,Wicked Choccy's,South Carolina,Gulf,19,307.0,200.16,16.157894736842106,2.526315789473684,1.4210526315789473,3.9473684210526314,123.3,19,65.19869706840392,100.0,31.236,3.0392825704225355,53.88,True
Wicked Choccy's -> South Dakota,Wicked Choccy's,South Dakota,Interior,3,33.75,22.05,11.25,2.3333333333333335,3.6666666666666665,6.0,1300.9,0,65.33333333333333,0.0,216.8166666666667,36.222445349178415,35.54,False
Wicked Choccy's -> Tennessee,Wicked Choccy's,Tennessee,Gulf,67,915.75,596.21,13.667910447761194,3.1044776119402986,1.8507462686567164,4.955223880597015,409.3,67,65.1061971061971,100.0,82.59969879518073,12.223482674094267,57.07,True
Wicked Choccy's -> Texas,Wicked Choccy's,Texas,Interior,388,5140.5,3347.74,13.248711340206185,2.654639175257732,2.577319587628866,5.231958762886598,971.5,356,65.12479330804396,91.75257731958763,185.68571428571428,30.656006350603626,61.05,True
Wicked Choccy's -> Utah,Wicked Choccy's,Utah,Pacific,23,362.5,236.1,15.76086956521739,2.6956521739130435,4.304347826086956,7.0,1795.6,1,65.13103448275862,4.3478260869565215,256.5142857142857,43.320666184607646,39.26,True
Wicked Choccy's -> Vermont,Wicked Choccy's,Vermont,Atlantic,5,51.75,33.69,10.35,3.2,2.8,6.0,943.1,5,65.10144927536231,100.0,157.18333333333334,25.559574897300475,61.73,True
Wicked Choccy's -> Virginia,Wicked Choccy's,Virginia,Gulf,106,1490.0,970.2,14.056603773584905,2.7452830188679247,1.6603773584905661,4.40566037735849,426.6000000000001,104,65.11409395973155,98.11320754716981,96.8299785867238,14.767959419391087,57.39,True
Wicked Choccy's -> Washington,Wicked Choccy's,Washington,Pacific,221,3023.0,1969.6399999999999,13.678733031674208,2.579185520361991,5.6968325791855206,8.276018099547512,2358.9,19,65.15514389679127,8.597285067873303,285.02837616183706,48.419191380170034,42.33,True
Wicked Choccy's -> West Virginia,Wicked Choccy's,West Virginia,Atlantic,2,25.25,16.47,12.625,3.5,2.0,5.5,443.3,2,65.22772277227722,100.0,80.60000000000001,11.865922095070426,56.98,False
Wicked Choccy's -> Wisconsin,Wicked Choccy's,Wisconsin,Interior,47,737.25,479.83,15.686170212765957,3.1914893617021276,2.8085106382978724,6.0,960.1000000000001,41,65.08375720583248,87.2340425531915,160.01666666666668,26.06619534917841,58.07,True
